"Site","plot","Latitude","Longitude","time","start_year","end_year"
"BART","BART_002",44.035076,-71.272844,"2015,2016,2017,2018,2019,2020,2021,2022",2015,2022
"BART","BART_003",44.055247,-71.263146,"2015,2016,2017,2018,2019,2020,2021,2022",2015,2022
"BART","BART_007",44.049697,-71.298504,"2015,2016,2017,2018,2019,2020,2021,2022",2015,2022
"BART","BART_012",44.046097,-71.316312,"2015,2016,2017,2018,2019,2020,2021,2022",2015,2022
"BART","BART_013",44.041737,-71.277598,"2015,2016,2017,2018,2019,2020,2021,2022",2015,2022
"BART","BART_016",44.051234,-71.288463,"2015,2016,2017,2018,2019,2020,2021,2022",2015,2022
"BART","BART_018",44.058473,-71.277866,"2015,2016,2017,2018,2019,2020,2021,2022",2015,2022
"BART","BART_023",44.049319,-71.263643,"2015,2016,2017,2018,2019,2020,2021,2022",2015,2022
"BART","BART_026",44.061261,-71.313922,"2015,2016,2017,2018,2019,2020,2021,2022",2015,2022
"BART","BART_027",44.057941,-71.261742,"2015,2016,2017,2018,2019,2020,2021,2022",2015,2022
"BART","BART_028",44.054076,-71.306536,"2015,2016,2017,2018,2019,2020,2021,2022",2015,2022
"BART","BART_031",44.055537,-71.305098,"2015,2016,2017,2018,2019,2020,2021,2022",2015,2022
"BART","BART_036",44.062082,-71.285878,"2015,2016,2017,2018,2019,2020,2021,2022",2015,2022
"BART","BART_040",44.06576,-71.29199,"2015,2016,2017,2018,2019,2020,2021,2022",2015,2022
"BART","BART_071",44.067944,-71.290624,"2015,2016,2017,2018,2019,2020,2021,2022",2015,2022
"BLAN","BLAN_001",39.087919,-77.958389,"2016,2017,2018,2019,2020,2021,2022",2016,2022
"BLAN","BLAN_005",39.087456,-77.971942,"2016,2017,2018,2019,2020,2021,2022",2016,2022
"BLAN","BLAN_007",39.085485,-77.969265,"2016,2017,2018,2019,2020,2021,2022",2016,2022
"BLAN","BLAN_009",39.086824,-77.95775,"2016,2017,2018,2019,2020,2021,2022",2016,2022
"BLAN","BLAN_011",39.087243,-77.974013,"2016,2017,2018,2019,2020,2021,2022",2016,2022
"BLAN","BLAN_012",39.082046,-77.961088,"2016,2017,2018,2019,2020,2021,2022",2016,2022
"BLAN","BLAN_013",39.080851,-77.96809,"2016,2017,2018,2019,2020,2021,2022",2016,2022
"BLAN","BLAN_015",39.087544,-77.954623,"2016,2017,2018,2019,2020,2021,2022",2016,2022
"BLAN","BLAN_017",39.086353,-77.970992,"2016,2017,2018,2019,2020,2021,2022",2016,2022
"BLAN","BLAN_018",39.081529,-77.962499,"2016,2017,2018,2019,2020,2021,2022",2016,2022
"BLAN","BLAN_020",39.100938,-77.980394,"2016,2017,2018,2019,2020,2021,2022",2016,2022
"BLAN","BLAN_031",39.058809,-78.070547,"2016,2017,2018,2019,2020,2021,2022",2016,2022
"BLAN","BLAN_032",39.058572,-78.073305,"2016,2017,2018,2019,2020,2021,2022",2016,2022
"BLAN","BLAN_033",39.058229,-78.069151,"2016,2017,2018,2019,2020,2021,2022",2016,2022
"CPER","CPER_001",40.850866,-104.699535,"2013,2014,2015,2016,2017,2018,2019,2020,2021,2022",2013,2022
"CPER","CPER_002",40.810934,-104.729248,"2013,2014,2015,2016,2017,2018,2019,2020,2021,2022",2013,2022
"CPER","CPER_003",40.818451,-104.707164,"2013,2014,2015,2016,2017,2018,2019,2020,2021,2022",2013,2022
"CPER","CPER_004",40.81275,-104.696873,"2013,2014,2015,2016,2017,2018,2019,2020,2021,2022",2013,2022
"CPER","CPER_005",40.853093,-104.728006,"2013,2014,2015,2016,2017,2018,2019,2020,2021,2022",2013,2022
"CPER","CPER_007",40.861915,-104.683832,"2013,2014,2015,2016,2017,2018,2019,2020,2021,2022",2013,2022
"CPER","CPER_008",40.798822,-104.749212,"2013,2014,2015,2016,2017,2018,2019,2020,2021,2022",2013,2022
"CPER","CPER_011",40.866286,-104.703366,"2013,2014,2015,2016,2017,2018,2019,2020,2021,2022",2013,2022
"CPER","CPER_012",40.802126,-104.771251,"2013,2014,2015,2016,2017,2018,2019,2020,2021,2022",2013,2022
"CPER","CPER_013",40.821979,-104.71284,"2013,2014,2015,2016,2017,2018,2019,2020,2021,2022",2013,2022
"CPER","CPER_014",40.807905,-104.697947,"2013,2014,2015,2016,2017,2018,2019,2020,2021,2022",2013,2022
"CPER","CPER_015",40.853133,-104.744736,"2013,2014,2015,2016,2017,2018,2019,2020,2021,2022",2013,2022
"CPER","CPER_016",40.804501,-104.756306,"2013,2014,2015,2016,2017,2018,2019,2020,2021,2022",2013,2022
"CPER","CPER_017",40.856261,-104.691691,"2013,2014,2015,2016,2017,2018,2019,2020,2021,2022",2013,2022
"CPER","CPER_018",40.825715,-104.695047,"2013,2014,2015,2016,2017,2018,2019,2020,2021,2022",2013,2022
"CPER","CPER_019",40.824819,-104.785759,"2013,2014,2015,2016,2017,2018,2019,2020,2021,2022",2013,2022
"CPER","CPER_023",40.800962,-104.741743,"2013,2014,2015,2016,2017,2018,2019,2020,2021,2022",2013,2022
"CPER","CPER_024",40.832243,-104.712796,"2013,2014,2015,2016,2017,2018,2019,2020,2021,2022",2013,2022
"DCFS","DCFS_003",47.206173,-99.184204,"2017,2018,2019,2020,2021,2022",2017,2022
"DCFS","DCFS_004",47.171565,-99.051268,"2017,2018,2019,2020,2021,2022",2017,2022
"DCFS","DCFS_006",47.173174,-99.05087,"2017,2018,2019,2020,2021,2022",2017,2022
"DCFS","DCFS_007",47.163429,-99.115691,"2017,2018,2019,2020,2021,2022",2017,2022
"DCFS","DCFS_008",47.163711,-99.118452,"2017,2018,2019,2020,2021,2022",2017,2022
"DCFS","DCFS_009",47.210512,-99.185022,"2017,2018,2019,2020,2021,2022",2017,2022
"DCFS","DCFS_010",47.209998,-99.171961,"2017,2018,2019,2020,2021,2022",2017,2022
"DCFS","DCFS_011",47.202167,-99.173924,"2017,2018,2019,2020,2021,2022",2017,2022
"DCFS","DCFS_012",47.16941,-99.058774,"2017,2018,2019,2020,2021,2022",2017,2022
"DCFS","DCFS_013",47.205682,-99.171564,"2017,2018,2019,2020,2021,2022",2017,2022
"DCFS","DCFS_014",47.119264,-99.057536,"2017,2018,2019,2020,2021,2022",2017,2022
"DCFS","DCFS_015",47.154005,-99.111308,"2017,2018,2019,2020,2021,2022",2017,2022
"DCFS","DCFS_062",47.162314,-99.110281,"2017,2018,2019,2020,2021,2022",2017,2022
"DCFS","DCFS_063",47.16475,-99.110683,"2017,2018,2019,2020,2021,2022",2017,2022
"DCFS","DCFS_065",47.160965,-99.11068,"2017,2018,2019,2020,2021,2022",2017,2022
"DEJU","DEJU_001",63.89244,-145.769965,"2016,2017,2018,2019,2020,2021,2022",2016,2022
"DEJU","DEJU_003",63.930794,-145.751133,"2016,2017,2018,2019,2020,2021,2022",2016,2022
"DEJU","DEJU_004",63.912331,-145.766038,"2016,2017,2018,2019,2020,2021,2022",2016,2022
"DEJU","DEJU_005",63.896876,-145.75386,"2016,2017,2018,2019,2020,2021,2022",2016,2022
"DEJU","DEJU_006",63.835171,-145.748058,"2016,2017,2018,2019,2020,2021,2022",2016,2022
"DEJU","DEJU_007",63.866754,-145.726499,"2016,2017,2018,2019,2020,2021,2022",2016,2022
"DEJU","DEJU_008",63.897474,-145.761176,"2016,2017,2018,2019,2020,2021,2022",2016,2022
"DEJU","DEJU_009",63.853315,-145.760668,"2016,2017,2018,2019,2020,2021,2022",2016,2022
"DEJU","DEJU_010",63.937523,-145.751463,"2016,2017,2018,2019,2020,2021,2022",2016,2022
"DEJU","DEJU_011",63.880982,-145.723425,"2016,2017,2018,2019,2020,2021,2022",2016,2022
"DEJU","DEJU_014",63.831139,-145.747612,"2016,2017,2018,2019,2020,2021,2022",2016,2022
"DEJU","DEJU_015",63.87415,-145.741425,"2016,2017,2018,2019,2020,2021,2022",2016,2022
"DEJU","DEJU_016",63.857875,-145.759874,"2016,2017,2018,2019,2020,2021,2022",2016,2022
"DEJU","DEJU_017",63.883388,-145.780721,"2016,2017,2018,2019,2020,2021,2022",2016,2022
"DEJU","DEJU_018",63.837932,-145.755235,"2016,2017,2018,2019,2020,2021,2022",2016,2022
"DEJU","DEJU_020",63.845012,-145.733569,"2016,2017,2018,2019,2020,2021,2022",2016,2022
"DEJU","DEJU_021",63.860681,-145.742041,"2016,2017,2018,2019,2020,2021,2022",2016,2022
"DEJU","DEJU_022",63.874251,-145.721887,"2016,2017,2018,2019,2020,2021,2022",2016,2022
"DEJU","DEJU_023",63.934644,-145.761389,"2016,2017,2018,2019,2020,2021,2022",2016,2022
"DEJU","DEJU_024",63.887095,-145.77447,"2016,2017,2018,2019,2020,2021,2022",2016,2022
"DEJU","DEJU_026",63.856988,-145.749533,"2016,2017,2018,2019,2020,2021,2022",2016,2022
"DEJU","DEJU_028",63.869323,-145.742874,"2016,2017,2018,2019,2020,2021,2022",2016,2022
"DEJU","DEJU_045",63.880889,-145.742977,"2016,2017,2018,2019,2020,2021,2022",2016,2022
"DEJU","DEJU_046",63.877756,-145.753497,"2016,2017,2018,2019,2020,2021,2022",2016,2022
"DELA","DELA_001",32.532072,-87.805439,"2015,2016,2017,2018,2019,2020,2021,2022",2015,2022
"DELA","DELA_002",32.532479,-87.818534,"2015,2016,2017,2018,2019,2020,2021,2022",2015,2022
"DELA","DELA_003",32.534942,-87.815024,"2015,2016,2017,2018,2019,2020,2021,2022",2015,2022
"DELA","DELA_004",32.531982,-87.81434,"2015,2016,2017,2018,2019,2020,2021,2022",2015,2022
"DELA","DELA_005",32.523355,-87.814626,"2015,2016,2017,2018,2019,2020,2021,2022",2015,2022
"DELA","DELA_009",32.534101,-87.816942,"2015,2016,2017,2018,2019,2020,2021,2022",2015,2022
"DELA","DELA_011",32.520324,-87.817128,"2015,2016,2017,2018,2019,2020,2021,2022",2015,2022
"DELA","DELA_013",32.540611,-87.817309,"2015,2016,2017,2018,2019,2020,2021,2022",2015,2022
"DELA","DELA_015",32.52874,-87.813389,"2015,2016,2017,2018,2019,2020,2021,2022",2015,2022
"DELA","DELA_016",32.535814,-87.808008,"2015,2016,2017,2018,2019,2020,2021,2022",2015,2022
"DELA","DELA_021",32.526812,-87.819123,"2015,2016,2017,2018,2019,2020,2021,2022",2015,2022
"DELA","DELA_025",32.535528,-87.809901,"2015,2016,2017,2018,2019,2020,2021,2022",2015,2022
"DELA","DELA_026",32.534432,-87.8112,"2015,2016,2017,2018,2019,2020,2021,2022",2015,2022
"DELA","DELA_027",32.538459,-87.809949,"2015,2016,2017,2018,2019,2020,2021,2022",2015,2022
"DELA","DELA_038",32.54229,-87.806804,"2015,2016,2017,2018,2019,2020,2021,2022",2015,2022
"DSNY","DSNY_001",28.0967,-81.418579,"2014,2015,2016,2017,2018,2019",2014,2019
"DSNY","DSNY_002",28.048244,-81.416879,"2014,2015,2016,2017,2018,2019",2014,2019
"DSNY","DSNY_003",28.074209,-81.425532,"2014,2015,2016,2017,2018,2019",2014,2019
"DSNY","DSNY_004",28.099732,-81.399974,"2014,2015,2016,2017,2018,2019",2014,2019
"DSNY","DSNY_006",28.09297,-81.399334,"2014,2015,2016,2017,2018,2019",2014,2019
"DSNY","DSNY_007",28.053114,-81.417507,"2014,2015,2016,2017,2018,2019",2014,2019
"DSNY","DSNY_008",28.046662,-81.401888,"2014,2015,2016,2017,2018,2019",2014,2019
"DSNY","DSNY_010",28.11859,-81.435161,"2014,2015,2016,2017,2018,2019",2014,2019
"DSNY","DSNY_012",28.102984,-81.406399,"2014,2015,2016,2017,2018,2019",2014,2019
"DSNY","DSNY_016",28.043948,-81.393638,"2014,2015,2016,2017,2018,2019",2014,2019
"DSNY","DSNY_017",28.058282,-81.402874,"2014,2015,2016,2017,2018,2019",2014,2019
"DSNY","DSNY_024",28.045531,-81.418683,"2014,2015,2016,2017,2018,2019",2014,2019
"DSNY","DSNY_025",28.071776,-81.42062,"2014,2015,2016,2017,2018,2019",2014,2019
"DSNY","DSNY_034",28.063937,-81.418449,"2014,2015,2016,2017,2018,2019",2014,2019
"DSNY","DSNY_037",28.044794,-81.392123,"2014,2015,2016,2017,2018,2019",2014,2019
"GRSM","GRSM_001",35.684589,-83.532102,"2015,2016,2017,2018,2019,2020,2021,2022",2015,2022
"GRSM","GRSM_002",35.670427,-83.587378,"2015,2016,2017,2018,2019,2020,2021,2022",2015,2022
"GRSM","GRSM_003",35.67661,-83.474563,"2015,2016,2017,2018,2019,2020,2021,2022",2015,2022
"GRSM","GRSM_004",35.690178,-83.536321,"2015,2016,2017,2018,2019,2020,2021,2022",2015,2022
"GRSM","GRSM_006",35.6789,-83.645325,"2015,2016,2017,2018,2019,2020,2021,2022",2015,2022
"GRSM","GRSM_008",35.679121,-83.482275,"2015,2016,2017,2018,2019,2020,2021,2022",2015,2022
"GRSM","GRSM_009",35.670878,-83.48998,"2015,2016,2017,2018,2019,2020,2021,2022",2015,2022
"GRSM","GRSM_010",35.669842,-83.52603,"2015,2016,2017,2018,2019,2020,2021,2022",2015,2022
"GRSM","GRSM_012",35.670778,-83.481653,"2015,2016,2017,2018,2019,2020,2021,2022",2015,2022
"GRSM","GRSM_014",35.66449,-83.524234,"2015,2016,2017,2018,2019,2020,2021,2022",2015,2022
"GRSM","GRSM_016",35.593016,-83.474652,"2015,2016,2017,2018,2019,2020,2021,2022",2015,2022
"GRSM","GRSM_017",35.669925,-83.522396,"2015,2016,2017,2018,2019,2020,2021,2022",2015,2022
"GRSM","GRSM_019",35.678734,-83.642356,"2015,2016,2017,2018,2019,2020,2021,2022",2015,2022
"GRSM","GRSM_026",35.683538,-83.644152,"2015,2016,2017,2018,2019,2020,2021,2022",2015,2022
"GRSM","GRSM_027",35.561217,-83.495854,"2015,2016,2017,2018,2019,2020,2021,2022",2015,2022
"GUAN","GUAN_002",17.970294,-66.824633,"2016,2017,2018,2019,2020",2016,2020
"GUAN","GUAN_003",17.973138,-66.861701,"2016,2017,2018,2019,2020",2016,2020
"GUAN","GUAN_005",17.968745,-66.88045,"2016,2017,2018,2019,2020",2016,2020
"GUAN","GUAN_006",17.963818,-66.875667,"2016,2017,2018,2019,2020",2016,2020
"GUAN","GUAN_008",17.965762,-66.832036,"2016,2017,2018,2019,2020",2016,2020
"GUAN","GUAN_009",17.97943,-66.867833,"2016,2017,2018,2019,2020",2016,2020
"GUAN","GUAN_010",17.972442,-66.871318,"2016,2017,2018,2019,2020",2016,2020
"GUAN","GUAN_011",17.97511,-66.867035,"2016,2017,2018,2019,2020",2016,2020
"GUAN","GUAN_015",17.976917,-66.861918,"2016,2017,2018,2019,2020",2016,2020
"GUAN","GUAN_016",17.967958,-66.884679,"2016,2017,2018,2019,2020",2016,2020
"GUAN","GUAN_018",17.971776,-66.861999,"2016,2017,2018,2019,2020",2016,2020
"GUAN","GUAN_023",17.983632,-66.879113,"2016,2017,2018,2019,2020",2016,2020
"GUAN","GUAN_024",17.961652,-66.900614,"2016,2017,2018,2019,2020",2016,2020
"GUAN","GUAN_042",17.970725,-66.863969,"2016,2017,2018,2019,2020",2016,2020
"GUAN","GUAN_043",17.968869,-66.867682,"2016,2017,2018,2019,2020",2016,2020
"GUAN","GUAN_048",17.96911,-66.864276,"2016,2017,2018,2019,2020",2016,2020
"HARV","HARV_002",42.478565,-72.259572,"2014,2015,2016,2017,2018,2019,2020,2021,2022",2014,2022
"HARV","HARV_004",42.427091,-72.229737,"2014,2015,2016,2017,2018,2019,2020,2021,2022",2014,2022
"HARV","HARV_005",42.489469,-72.275158,"2014,2015,2016,2017,2018,2019,2020,2021,2022",2014,2022
"HARV","HARV_008",42.444557,-72.226082,"2014,2015,2016,2017,2018,2019,2020,2021,2022",2014,2022
"HARV","HARV_010",42.424723,-72.254599,"2014,2015,2016,2017,2018,2019,2020,2021,2022",2014,2022
"HARV","HARV_011",42.455924,-72.238278,"2014,2015,2016,2017,2018,2019,2020,2021,2022",2014,2022
"HARV","HARV_013",42.392282,-72.254598,"2014,2015,2016,2017,2018,2019,2020,2021,2022",2014,2022
"HARV","HARV_015",42.538822,-72.182055,"2014,2015,2016,2017,2018,2019,2020,2021,2022",2014,2022
"HARV","HARV_016",42.45847,-72.231992,"2014,2015,2016,2017,2018,2019,2020,2021,2022",2014,2022
"HARV","HARV_020",42.436756,-72.228878,"2014,2015,2016,2017,2018,2019,2020,2021,2022",2014,2022
"HARV","HARV_021",42.45243,-72.250472,"2014,2015,2016,2017,2018,2019,2020,2021,2022",2014,2022
"HARV","HARV_022",42.434188,-72.198776,"2014,2015,2016,2017,2018,2019,2020,2021,2022",2014,2022
"HARV","HARV_023",42.414314,-72.226622,"2014,2015,2016,2017,2018,2019,2020,2021,2022",2014,2022
"HARV","HARV_024",42.459993,-72.25087,"2014,2015,2016,2017,2018,2019,2020,2021,2022",2014,2022
"HARV","HARV_025",42.475428,-72.273927,"2014,2015,2016,2017,2018,2019,2020,2021,2022",2014,2022
"HARV","HARV_026",42.410762,-72.247271,"2014,2015,2016,2017,2018,2019,2020,2021,2022",2014,2022
"HARV","HARV_027",42.43035,-72.253258,"2014,2015,2016,2017,2018,2019,2020,2021,2022",2014,2022
"HARV","HARV_028",42.431817,-72.225087,"2014,2015,2016,2017,2018,2019,2020,2021,2022",2014,2022
"HARV","HARV_029",42.466458,-72.237434,"2014,2015,2016,2017,2018,2019,2020,2021,2022",2014,2022
"HARV","HARV_033",42.538302,-72.175607,"2014,2015,2016,2017,2018,2019,2020,2021,2022",2014,2022
"JERC","JERC_001",31.194314,-84.477077,"2015,2016,2017,2018,2019",2015,2019
"JERC","JERC_002",31.194504,-84.460062,"2015,2016,2017,2018,2019",2015,2019
"JERC","JERC_003",31.19615,-84.473249,"2015,2016,2017,2018,2019",2015,2019
"JERC","JERC_004",31.189774,-84.465861,"2015,2016,2017,2018,2019",2015,2019
"JERC","JERC_005",31.195968,-84.451228,"2015,2016,2017,2018,2019",2015,2019
"JERC","JERC_006",31.187671,-84.45585,"2015,2016,2017,2018,2019",2015,2019
"JERC","JERC_007",31.198632,-84.476315,"2015,2016,2017,2018,2019",2015,2019
"JERC","JERC_009",31.194989,-84.456903,"2015,2016,2017,2018,2019",2015,2019
"JERC","JERC_010",31.208232,-84.469499,"2015,2016,2017,2018,2019",2015,2019
"JERC","JERC_011",31.185207,-84.468204,"2015,2016,2017,2018,2019",2015,2019
"JERC","JERC_013",31.178468,-84.469946,"2015,2016,2017,2018,2019",2015,2019
"JERC","JERC_015",31.190611,-84.454221,"2015,2016,2017,2018,2019",2015,2019
"JERC","JERC_018",31.192585,-84.45826,"2015,2016,2017,2018,2019",2015,2019
"JERC","JERC_019",31.187434,-84.470663,"2015,2016,2017,2018,2019",2015,2019
"JERC","JERC_020",31.183807,-84.46508,"2015,2016,2017,2018,2019",2015,2019
"JERC","JERC_021",31.175756,-84.469063,"2015,2016,2017,2018,2019",2015,2019
"JERC","JERC_022",31.210376,-84.468464,"2015,2016,2017,2018,2019",2015,2019
"JERC","JERC_028",31.182704,-84.477998,"2015,2016,2017,2018,2019",2015,2019
"JERC","JERC_029",31.186763,-84.46438,"2015,2016,2017,2018,2019",2015,2019
"JERC","JERC_033",31.192003,-84.456038,"2015,2016,2017,2018,2019",2015,2019
"JERC","JERC_036",31.184997,-84.470422,"2015,2016,2017,2018,2019",2015,2019
"JERC","JERC_047",31.198433,-84.467178,"2015,2016,2017,2018,2019",2015,2019
"KONZ","KONZ_001",39.075067,-96.555874,"2016,2017,2018,2019,2020,2021,2022",2016,2022
"KONZ","KONZ_002",39.119992,-96.546015,"2016,2017,2018,2019,2020,2021,2022",2016,2022
"KONZ","KONZ_003",39.088076,-96.570347,"2016,2017,2018,2019,2020,2021,2022",2016,2022
"KONZ","KONZ_005",39.082563,-96.566704,"2016,2017,2018,2019,2020,2021,2022",2016,2022
"KONZ","KONZ_006",39.07116,-96.58894,"2016,2017,2018,2019,2020,2021,2022",2016,2022
"KONZ","KONZ_007",39.086976,-96.544716,"2016,2017,2018,2019,2020,2021,2022",2016,2022
"KONZ","KONZ_008",39.108081,-96.545368,"2016,2017,2018,2019,2020,2021,2022",2016,2022
"KONZ","KONZ_009",39.107315,-96.585981,"2016,2017,2018,2019,2020,2021,2022",2016,2022
"KONZ","KONZ_010",39.073755,-96.571173,"2016,2017,2018,2019,2020,2021,2022",2016,2022
"KONZ","KONZ_024",39.110903,-96.552209,"2016,2017,2018,2019,2020,2021,2022",2016,2022
"KONZ","KONZ_026",39.089051,-96.578636,"2016,2017,2018,2019,2020,2021,2022",2016,2022
"KONZ","KONZ_042",39.09957,-96.564404,"2016,2017,2018,2019,2020,2021,2022",2016,2022
"KONZ","KONZ_043",39.102192,-96.56118,"2016,2017,2018,2019,2020,2021,2022",2016,2022
"KONZ","KONZ_045",39.103827,-96.561811,"2016,2017,2018,2019,2020,2021,2022",2016,2022
"LAJA","LAJA_001",18.024533,-67.076837,"2016,2017,2018,2019,2020,2021,2022",2016,2022
"LAJA","LAJA_005",18.025704,-67.084747,"2016,2017,2018,2019,2020,2021,2022",2016,2022
"LAJA","LAJA_007",18.0278,-67.078507,"2016,2017,2018,2019,2020,2021,2022",2016,2022
"LAJA","LAJA_008",18.025907,-67.078525,"2016,2017,2018,2019,2020,2021,2022",2016,2022
"LAJA","LAJA_010",18.026484,-67.08278,"2016,2017,2018,2019,2020,2021,2022",2016,2022
"LAJA","LAJA_011",18.018109,-67.084278,"2016,2017,2018,2019,2020,2021,2022",2016,2022
"LAJA","LAJA_014",18.023477,-67.08026,"2016,2017,2018,2019,2020,2021,2022",2016,2022
"LAJA","LAJA_015",18.034464,-67.066822,"2016,2017,2018,2019,2020,2021,2022",2016,2022
"LAJA","LAJA_017",18.017713,-67.074931,"2016,2017,2018,2019,2020,2021,2022",2016,2022
"LAJA","LAJA_018",18.034241,-67.072199,"2016,2017,2018,2019,2020,2021,2022",2016,2022
"LAJA","LAJA_019",18.032068,-67.070519,"2016,2017,2018,2019,2020,2021,2022",2016,2022
"LAJA","LAJA_023",18.035855,-67.06962,"2016,2017,2018,2019,2020,2021,2022",2016,2022
"LAJA","LAJA_024",18.036913,-67.07075,"2016,2017,2018,2019,2020,2021,2022",2016,2022
"LAJA","LAJA_027",18.035317,-67.070485,"2016,2017,2018,2019,2020,2021,2022",2016,2022
"LAJA","LAJA_028",18.03777,-67.071596,"2016,2017,2018,2019,2020,2021,2022",2016,2022
"LAJA","LAJA_042",18.020196,-67.075468,"2016,2017,2018,2019,2020,2021,2022",2016,2022
"LAJA","LAJA_044",18.019086,-67.075469,"2016,2017,2018,2019,2020,2021,2022",2016,2022
"LAJA","LAJA_046",18.020963,-67.074891,"2016,2017,2018,2019,2020,2021,2022",2016,2022
"MLBS","MLBS_001",37.3607,-80.524992,"2018,2019,2020,2021,2022",2018,2022
"MLBS","MLBS_002",37.372058,-80.524252,"2018,2019,2020,2021,2022",2018,2022
"MLBS","MLBS_003",37.368528,-80.526975,"2018,2019,2020,2021,2022",2018,2022
"MLBS","MLBS_004",37.429342,-80.511896,"2018,2019,2020,2021,2022",2018,2022
"MLBS","MLBS_005",37.363106,-80.521589,"2018,2019,2020,2021,2022",2018,2022
"MLBS","MLBS_006",37.426799,-80.564064,"2018,2019,2020,2021,2022",2018,2022
"MLBS","MLBS_007",37.427946,-80.571837,"2018,2019,2020,2021,2022",2018,2022
"MLBS","MLBS_008",37.426865,-80.499069,"2018,2019,2020,2021,2022",2018,2022
"MLBS","MLBS_009",37.374434,-80.518487,"2018,2019,2020,2021,2022",2018,2022
"MLBS","MLBS_010",37.365565,-80.526343,"2018,2019,2020,2021,2022",2018,2022
"MLBS","MLBS_013",37.432507,-80.559608,"2018,2019,2020,2021,2022",2018,2022
"MLBS","MLBS_014",37.417102,-80.557337,"2018,2019,2020,2021,2022",2018,2022
"MLBS","MLBS_061",37.376631,-80.5198,"2018,2019,2020,2021,2022",2018,2022
"MLBS","MLBS_063",37.377486,-80.527932,"2018,2019,2020,2021,2022",2018,2022
"MLBS","MLBS_064",37.37556,-80.5202,"2018,2019",2018,2019
"MLBS","MLBS_064",37.375562,-80.520174,"2020,2021,2022",2020,2022
"NIWO","NIWO_001",40.042345,-105.558975,"2015,2016,2017,2018,2019,2020,2021,2022",2015,2022
"NIWO","NIWO_002",40.041058,-105.547043,"2015,2016,2017,2018,2019,2020,2021,2022",2015,2022
"NIWO","NIWO_003",40.051247,-105.565041,"2015,2016,2017,2018,2019,2020,2021,2022",2015,2022
"NIWO","NIWO_006",40.055052,-105.561551,"2015,2016,2017,2018,2019,2020,2021,2022",2015,2022
"NIWO","NIWO_008",40.054475,-105.567876,"2015,2016,2017,2018,2019,2020,2021,2022",2015,2022
"NIWO","NIWO_009",40.045048,-105.560411,"2015,2016,2017,2018,2019,2020,2021,2022",2015,2022
"NIWO","NIWO_011",40.033991,-105.555396,"2015,2016,2017,2018,2019,2020,2021,2022",2015,2022
"NIWO","NIWO_013",40.059545,-105.583047,"2015,2016,2017,2018,2019,2020,2021,2022",2015,2022
"NIWO","NIWO_014",40.050779,-105.548152,"2015,2016,2017,2018,2019,2020,2021,2022",2015,2022
"NIWO","NIWO_015",40.040114,-105.572665,"2015,2016,2017,2018,2019,2020,2021,2022",2015,2022
"NIWO","NIWO_018",40.052498,-105.584022,"2015,2016,2017,2018,2019,2020,2021,2022",2015,2022
"NIWO","NIWO_022",40.038851,-105.557196,"2015,2016,2017,2018,2019,2020,2021,2022",2015,2022
"NIWO","NIWO_023",40.056627,-105.569307,"2015,2016,2017,2018,2019,2020,2021,2022",2015,2022
"NIWO","NIWO_025",40.055538,-105.571758,"2015,2016,2017,2018,2019,2020,2021,2022",2015,2022
"NIWO","NIWO_026",40.049574,-105.572043,"2015,2016,2017,2018,2019,2020,2021,2022",2015,2022
"NIWO","NIWO_041",40.05035,-105.582964,"2015,2016,2017,2018,2019,2020,2021,2022",2015,2022
"NIWO","NIWO_042",40.04845,-105.584355,"2015,2016,2017,2018,2019,2020,2021,2022",2015,2022
"NOGP","NOGP_001",46.806092,-100.915421,"2016,2017,2018,2019,2020,2021,2022",2016,2022
"NOGP","NOGP_002",46.798586,-100.911965,"2016,2017,2018,2019,2020,2021,2022",2016,2022
"NOGP","NOGP_003",46.800934,-100.916415,"2016,2017,2018,2019,2020,2021,2022",2016,2022
"NOGP","NOGP_005",46.786915,-100.915127,"2016,2017,2018,2019,2020,2021,2022",2016,2022
"NOGP","NOGP_006",46.769079,-100.916842,"2016,2017,2018,2019,2020,2021,2022",2016,2022
"NOGP","NOGP_007",46.811941,-100.904219,"2016,2017,2018,2019,2020,2021,2022",2016,2022
"NOGP","NOGP_008",46.783513,-100.907936,"2016,2017,2018,2019,2020,2021,2022",2016,2022
"NOGP","NOGP_009",46.801783,-100.914474,"2016,2017,2018,2019,2020,2021,2022",2016,2022
"NOGP","NOGP_010",46.765843,-100.916361,"2016,2017,2018,2019,2020,2021,2022",2016,2022
"NOGP","NOGP_011",46.779813,-100.920393,"2016,2017,2018,2019,2020,2021,2022",2016,2022
"NOGP","NOGP_012",46.786096,-100.915884,"2016,2017,2018,2019,2020,2021,2022",2016,2022
"NOGP","NOGP_013",46.774433,-100.919404,"2016,2017,2018,2019,2020,2021,2022",2016,2022
"NOGP","NOGP_014",46.80763,-100.903673,"2016,2017,2018,2019,2020,2021,2022",2016,2022
"NOGP","NOGP_017",46.792018,-100.916884,"2016,2017,2018,2019,2020,2021,2022",2016,2022
"NOGP","NOGP_041",46.781417,-100.921628,"2016,2017,2018,2019,2020,2021,2022",2016,2022
"NOGP","NOGP_062",46.772266,-100.919713,"2016,2017,2018,2019,2020,2021,2022",2016,2022
"OAES","OAES_001",35.412699,-99.058259,"2015,2016,2017,2018,2019",2015,2019
"OAES","OAES_002",35.419716,-99.052304,"2015,2016,2017,2018,2019",2015,2019
"OAES","OAES_003",35.412139,-99.069792,"2015,2016,2017,2018,2019",2015,2019
"OAES","OAES_004",35.41213,-99.085338,"2015,2016,2017,2018,2019",2015,2019
"OAES","OAES_005",35.404299,-99.080041,"2015,2016,2017,2018,2019",2015,2019
"OAES","OAES_006",35.420259,-99.048669,"2015,2016,2017,2018,2019",2015,2019
"OAES","OAES_007",35.419991,-99.057264,"2015,2016,2017,2018,2019",2015,2019
"OAES","OAES_008",35.395379,-99.063188,"2015,2016,2017,2018,2019",2015,2019
"OAES","OAES_009",35.420795,-99.050317,"2015,2016,2017,2018,2019",2015,2019
"OAES","OAES_010",35.399175,-99.06056,"2015,2016,2017,2018,2019",2015,2019
"OAES","OAES_011",35.400509,-99.069797,"2015,2016,2017,2018,2019",2015,2019
"OAES","OAES_012",35.402943,-99.064829,"2015,2016,2017,2018,2019",2015,2019
"OAES","OAES_013",35.408094,-99.058566,"2015,2016,2017,2018,2019",2015,2019
"OAES","OAES_014",35.399702,-99.057894,"2015,2016,2017,2018,2019",2015,2019
"OAES","OAES_015",35.421331,-99.052968,"2015,2016,2017,2018,2019",2015,2019
"OAES","OAES_016",35.410784,-99.069142,"2015,2016,2017,2018,2019",2015,2019
"OAES","OAES_017",35.409965,-99.061216,"2015,2016,2017,2018,2019",2015,2019
"OAES","OAES_018",35.416194,-99.052287,"2015,2016,2017,2018,2019",2015,2019
"OAES","OAES_019",35.40375,-99.077405,"2015,2016,2017,2018,2019",2015,2019
"OAES","OAES_020",35.401617,-99.05625,"2015,2016,2017,2018,2019",2015,2019
"OAES","OAES_021",35.411869,-99.074095,"2015,2016,2017,2018,2019",2015,2019
"OAES","OAES_022",35.411053,-99.06485,"2015,2016,2017,2018,2019",2015,2019
"OAES","OAES_023",35.413507,-99.056933,"2015,2016,2017,2018,2019",2015,2019
"OAES","OAES_024",35.41945,-99.058899,"2015,2016,2017,2018,2019",2015,2019
"OAES","OAES_025",35.418916,-99.047009,"2015,2016,2017,2018,2019",2015,2019
"OAES","OAES_027",35.411886,-99.055596,"2015,2016,2017,2018,2019",2015,2019
"OAES","OAES_028",35.416198,-99.058897,"2015,2016,2017,2018,2019",2015,2019
"OAES","OAES_029",35.41564,-99.04997,"2015,2016,2017,2018,2019",2015,2019
"OAES","OAES_043",35.405108,-99.058568,"2015,2016,2017,2018,2019",2015,2019
"OAES","OAES_044",35.404309,-99.059225,"2015,2016,2017,2018,2019",2015,2019
"ONAQ","ONAQ_003",40.205921,-112.430276,"2015,2016,2017,2018,2019",2015,2019
"ONAQ","ONAQ_005",40.180775,-112.431854,"2015,2016,2017,2018,2019",2015,2019
"ONAQ","ONAQ_007",40.212498,-112.467435,"2015,2016,2017,2018,2019",2015,2019
"ONAQ","ONAQ_009",40.160802,-112.471249,"2015,2016,2017,2018,2019",2015,2019
"ONAQ","ONAQ_011",40.150745,-112.456226,"2015,2016,2017,2018,2019",2015,2019
"ONAQ","ONAQ_014",40.206496,-112.448966,"2015,2016,2017,2018,2019",2015,2019
"ONAQ","ONAQ_015",40.151789,-112.478445,"2015,2016,2017,2018,2019",2015,2019
"ONAQ","ONAQ_016",40.175178,-112.446181,"2015,2016,2017,2018,2019",2015,2019
"ONAQ","ONAQ_017",40.190515,-112.51523,"2015,2016,2017,2018,2019",2015,2019
"ONAQ","ONAQ_019",40.175284,-112.482459,"2015,2016,2017,2018,2019",2015,2019
"ONAQ","ONAQ_020",40.182614,-112.43611,"2015,2016,2017,2018,2019",2015,2019
"ONAQ","ONAQ_027",40.18922,-112.470078,"2015,2016,2017,2018,2019",2015,2019
"ONAQ","ONAQ_041",40.174021,-112.45284,"2015,2016,2017,2018,2019",2015,2019
"ONAQ","ONAQ_042",40.176674,-112.456785,"2015,2016,2017,2018,2019",2015,2019
"ONAQ","ONAQ_043",40.17372,-112.456712,"2015,2016,2017,2018,2019",2015,2019
"ORNL","ORNL_003",35.965875,-84.230646,"2014,2015,2016,2017,2018,2019,2020,2021,2022",2014,2022
"ORNL","ORNL_004",35.907944,-84.275214,"2014,2015,2016,2017,2018,2019,2020,2021,2022",2014,2022
"ORNL","ORNL_006",35.938227,-84.32368,"2014,2015,2016,2017,2018,2019,2020,2021,2022",2014,2022
"ORNL","ORNL_007",35.925371,-84.329755,"2014,2015,2016,2017,2018,2019,2020,2021,2022",2014,2022
"ORNL","ORNL_008",35.93276,-84.332543,"2014,2015,2016,2017,2018,2019,2020,2021,2022",2014,2022
"ORNL","ORNL_009",35.974464,-84.227994,"2014,2015,2016,2017,2018,2019,2020,2021,2022",2014,2022
"ORNL","ORNL_010",35.953307,-84.332168,"2014,2015,2016,2017,2018,2019,2020,2021,2022",2014,2022
"ORNL","ORNL_014",35.939979,-84.305649,"2014,2015,2016,2017,2018,2019,2020,2021,2022",2014,2022
"ORNL","ORNL_015",35.965463,-84.236993,"2014,2015,2016,2017,2018,2019,2020,2021,2022",2014,2022
"ORNL","ORNL_017",35.976845,-84.297431,"2014,2015,2016,2017,2018,2019,2020,2021,2022",2014,2022
"ORNL","ORNL_018",35.933929,-84.276978,"2014,2015,2016,2017,2018,2019,2020,2021,2022",2014,2022
"ORNL","ORNL_019",35.943431,-84.31456,"2014,2015,2016,2017,2018,2019,2020,2021,2022",2014,2022
"ORNL","ORNL_027",35.916313,-84.263286,"2014,2015,2016,2017,2018,2019,2020,2021,2022",2014,2022
"ORNL","ORNL_029",35.95765,-84.261843,"2014,2015,2016,2017,2018,2019,2020,2021,2022",2014,2022
"ORNL","ORNL_032",35.944521,-84.326487,"2014,2015,2016,2017,2018,2019,2020,2021,2022",2014,2022
"ORNL","ORNL_033",35.961718,-84.226799,"2014,2015,2016,2017,2018,2019,2020,2021,2022",2014,2022
"ORNL","ORNL_035",35.974771,-84.350404,"2014,2015,2016,2017,2018,2019,2020,2021,2022",2014,2022
"ORNL","ORNL_040",35.975905,-84.303477,"2014,2015,2016,2017,2018,2019,2020,2021,2022",2014,2022
"OSBS","OSBS_001",29.702914,-82.008881,"2015,2016,2017,2018,2019",2015,2019
"OSBS","OSBS_002",29.703861,-81.956817,"2015,2016,2017,2018,2019",2015,2019
"OSBS","OSBS_003",29.694993,-81.947419,"2015,2016,2017,2018,2019",2015,2019
"OSBS","OSBS_004",29.684075,-81.959108,"2015,2016,2017,2018,2019",2015,2019
"OSBS","OSBS_006",29.686609,-81.983001,"2015,2016,2017,2018,2019",2015,2019
"OSBS","OSBS_007",29.690279,-81.962568,"2015,2016,2017,2018,2019",2015,2019
"OSBS","OSBS_008",29.685058,-82.007163,"2015,2016,2017,2018,2019",2015,2019
"OSBS","OSBS_011",29.721507,-81.987042,"2015,2016,2017,2018,2019",2015,2019
"OSBS","OSBS_013",29.68216,-81.961566,"2015,2016,2017,2018,2019",2015,2019
"OSBS","OSBS_014",29.692719,-81.958259,"2015,2016,2017,2018,2019",2015,2019
"OSBS","OSBS_016",29.682392,-81.967447,"2015,2016,2017,2018,2019",2015,2019
"OSBS","OSBS_020",29.686849,-81.950765,"2015,2016,2017,2018,2019",2015,2019
"OSBS","OSBS_026",29.693584,-81.992056,"2015,2016,2017,2018,2019",2015,2019
"OSBS","OSBS_027",29.691969,-81.992063,"2015,2016,2017,2018,2019",2015,2019
"OSBS","OSBS_048",29.679302,-81.94635,"2015,2016,2017,2018,2019",2015,2019
"PUUM","PUUM_001",19.584691,-155.347645,"2018,2019,2020,2021,2022",2018,2022
"PUUM","PUUM_002",19.595002,-155.346931,"2018,2019,2020,2021,2022",2018,2022
"PUUM","PUUM_003",19.577682,-155.344675,"2018,2019,2020,2021,2022",2018,2022
"PUUM","PUUM_004",19.557778,-155.230067,"2018,2019,2020,2021,2022",2018,2022
"PUUM","PUUM_005",19.587497,-155.343354,"2018,2019,2020,2021,2022",2018,2022
"PUUM","PUUM_006",19.578312,-155.318129,"2018,2019,2020,2021,2022",2018,2022
"PUUM","PUUM_007",19.554243,-155.228851,"2018,2019,2020,2021,2022",2018,2022
"PUUM","PUUM_008",19.577677,-155.326382,"2018,2019,2020,2021,2022",2018,2022
"PUUM","PUUM_009",19.586328,-155.347658,"2018,2019,2020,2021,2022",2018,2022
"PUUM","PUUM_011",19.563412,-155.337895,"2018,2019,2020,2021,2022",2018,2022
"PUUM","PUUM_012",19.576427,-155.338942,"2018,2019,2020,2021,2022",2018,2022
"PUUM","PUUM_013",19.564986,-155.34223,"2018,2019,2020,2021,2022",2018,2022
"PUUM","PUUM_014",19.587494,-155.339669,"2018,2019,2020,2021,2022",2018,2022
"PUUM","PUUM_015",19.561039,-155.249535,"2018,2019,2020,2021,2022",2018,2022
"PUUM","PUUM_016",19.554987,-155.233462,"2018,2019,2020,2021,2022",2018,2022
"PUUM","PUUM_017",19.569684,-155.315978,"2018,2019,2020,2021,2022",2018,2022
"PUUM","PUUM_018",19.590157,-155.343706,"2018,2019,2020,2021,2022",2018,2022
"PUUM","PUUM_020",19.5807,-155.322218,"2018,2019,2020,2021,2022",2018,2022
"RMNP","RMNP_001",40.203348,-105.465976,"2017,2018,2019,2020,2021,2022",2017,2022
"RMNP","RMNP_005",40.167943,-105.526306,"2017,2018,2019,2020,2021,2022",2017,2022
"RMNP","RMNP_006",40.158144,-105.543533,"2017,2018,2019,2020,2021,2022",2017,2022
"RMNP","RMNP_007",40.18087,-105.537712,"2017,2018,2019,2020,2021,2022",2017,2022
"RMNP","RMNP_011",40.203699,-105.512508,"2017,2018,2019,2020,2021,2022",2017,2022
"RMNP","RMNP_012",40.156545,-105.535747,"2017,2018,2019,2020,2021,2022",2017,2022
"RMNP","RMNP_013",40.196781,-105.486722,"2017,2018,2019,2020,2021,2022",2017,2022
"RMNP","RMNP_016",40.154382,-105.475488,"2017,2018,2019,2020,2021,2022",2017,2022
"RMNP","RMNP_018",40.163833,-105.538996,"2017,2018,2019,2020,2021,2022",2017,2022
"RMNP","RMNP_019",40.195931,-105.491303,"2017,2018,2019,2020,2021,2022",2017,2022
"RMNP","RMNP_020",40.197385,-105.468403,"2017,2018,2019,2020,2021,2022",2017,2022
"RMNP","RMNP_021",40.158459,-105.539283,"2017,2018,2019,2020,2021,2022",2017,2022
"RMNP","RMNP_023",40.188464,-105.534931,"2017,2018,2019,2020,2021,2022",2017,2022
"RMNP","RMNP_041",40.275899,-105.546756,"2017,2018,2019,2020,2021,2022",2017,2022
"RMNP","RMNP_043",40.276827,-105.545384,"2017,2018,2019,2020,2021,2022",2017,2022
"RMNP","RMNP_044",40.27733,-105.546207,"2017,2018,2019,2020,2021,2022",2017,2022
"SCBI","SCBI_002",38.895214,-78.142704,"2014,2015,2016,2017,2018,2019,2020,2021",2014,2021
"SCBI","SCBI_003",38.883308,-78.120371,"2014,2015,2016,2017,2018,2019,2020,2021",2014,2021
"SCBI","SCBI_004",38.896938,-78.146458,"2014,2015,2016,2017,2018,2019,2020,2021",2014,2021
"SCBI","SCBI_007",38.884909,-78.130305,"2014,2015,2016,2017,2018,2019,2020,2021",2014,2021
"SCBI","SCBI_008",38.887763,-78.147164,"2014,2015,2016,2017,2018,2019,2020,2021",2014,2021
"SCBI","SCBI_010",38.884776,-78.125148,"2014,2015,2016,2017,2018,2019,2020,2021",2014,2021
"SCBI","SCBI_011",38.879734,-78.139901,"2014,2015,2016,2017,2018,2019,2020,2021",2014,2021
"SCBI","SCBI_013",38.874379,-78.163985,"2014,2015,2016,2017,2018,2019,2020,2021",2014,2021
"SCBI","SCBI_015",38.884381,-78.141069,"2014,2015,2016,2017,2018,2019,2020,2021",2014,2021
"SCBI","SCBI_016",38.904234,-78.158647,"2014,2015,2016,2017,2018,2019,2020,2021",2014,2021
"SCBI","SCBI_018",38.870965,-78.157532,"2014,2015,2016,2017,2018,2019,2020,2021",2014,2021
"SCBI","SCBI_019",38.900642,-78.175704,"2014,2015,2016,2017,2018,2019,2020,2021",2014,2021
"SCBI","SCBI_035",38.882888,-78.168813,"2014,2015,2016,2017,2018,2019,2020,2021",2014,2021
"SCBI","SCBI_040",38.883962,-78.168759,"2014,2015,2016,2017,2018,2019,2020,2021",2014,2021
"SCBI","SCBI_067",38.893949,-78.135536,"2014,2015,2016,2017,2018,2019,2020,2021",2014,2021
"SERC","SERC_001",38.868693,-76.533585,"2015,2016,2017,2018,2019",2015,2019
"SERC","SERC_002",38.895036,-76.558917,"2015,2016,2017,2018,2019",2015,2019
"SERC","SERC_003",38.899872,-76.543752,"2015,2016,2017,2018,2019",2015,2019
"SERC","SERC_004",38.87241,-76.554055,"2015,2016,2017,2018,2019",2015,2019
"SERC","SERC_005",38.893246,-76.547604,"2015,2016,2017,2018,2019",2015,2019
"SERC","SERC_006",38.88109,-76.547314,"2015,2016,2017,2018,2019",2015,2019
"SERC","SERC_007",38.873795,-76.539828,"2015,2016,2017,2018,2019",2015,2019
"SERC","SERC_008",38.871838,-76.524078,"2015,2016,2017,2018,2019",2015,2019
"SERC","SERC_009",38.897571,-76.561169,"2015,2016,2017,2018,2019",2015,2019
"SERC","SERC_010",38.909676,-76.546253,"2015,2016,2017,2018,2019",2015,2019
"SERC","SERC_011",38.898525,-76.551056,"2015,2016,2017,2018,2019",2015,2019
"SERC","SERC_012",38.878648,-76.560977,"2015,2016,2017,2018,2019",2015,2019
"SERC","SERC_013",38.871792,-76.544434,"2015,2016,2017,2018,2019",2015,2019
"SERC","SERC_014",38.875995,-76.541096,"2015,2016,2017,2018,2019",2015,2019
"SERC","SERC_016",38.899455,-76.547547,"2015,2016,2017,2018,2019",2015,2019
"SERC","SERC_017",38.876039,-76.535565,"2015,2016,2017,2018,2019",2015,2019
"SERC","SERC_018",38.872927,-76.531608,"2015,2016,2017,2018,2019",2015,2019
"SERC","SERC_019",38.871775,-76.550692,"2015,2016,2017,2018,2019",2015,2019
"SERC","SERC_020",38.870108,-76.535927,"2015,2016,2017,2018,2019",2015,2019
"SERC","SERC_021",38.896415,-76.560181,"2015,2016,2017,2018,2019",2015,2019
"SERC","SERC_022",38.875454,-76.554591,"2015,2016,2017,2018,2019",2015,2019
"SERC","SERC_023",38.875233,-76.535264,"2015,2016,2017,2018,2019",2015,2019
"SERC","SERC_024",38.865796,-76.528949,"2015,2016,2017,2018,2019",2015,2019
"SERC","SERC_025",38.88641,-76.551826,"2015,2016,2017,2018,2019",2015,2019
"SERC","SERC_026",38.901228,-76.55059,"2015,2016,2017,2018,2019",2015,2019
"SERC","SERC_027",38.87364,-76.543648,"2015,2016,2017,2018,2019",2015,2019
"SERC","SERC_028",38.871746,-76.522041,"2015,2016,2017,2018,2019",2015,2019
"SERC","SERC_029",38.871199,-76.528949,"2015,2016,2017,2018,2019",2015,2019
"SERC","SERC_030",38.910052,-76.548984,"2015,2016,2017,2018,2019",2015,2019
"SERC","SERC_044",38.890803,-76.553986,"2015,2016,2017,2018,2019",2015,2019
"SERC","SERC_045",38.880982,-76.55872,"2015,2016,2017,2018,2019",2015,2019
"SRER","SRER_001",31.862142,-110.818853,"2016,2017,2018,2019,2020,2021,2022",2016,2022
"SRER","SRER_002",31.870334,-110.856598,"2016,2017,2018,2019,2020,2021,2022",2016,2022
"SRER","SRER_003",31.840609,-110.917189,"2016,2017,2018,2019,2020,2021,2022",2016,2022
"SRER","SRER_004",31.906778,-110.815262,"2016,2017,2018,2019,2020,2021,2022",2016,2022
"SRER","SRER_005",31.828844,-110.823985,"2016,2017,2018,2019,2020,2021,2022",2016,2022
"SRER","SRER_007",31.897668,-110.874932,"2016,2017,2018,2019,2020,2021,2022",2016,2022
"SRER","SRER_008",31.867013,-110.81472,"2016,2017,2018,2019,2020,2021,2022",2016,2022
"SRER","SRER_009",31.844582,-110.83473,"2016,2017,2018,2019,2020,2021,2022",2016,2022
"SRER","SRER_010",31.800537,-110.909297,"2016,2017,2018,2019,2020,2021,2022",2016,2022
"SRER","SRER_011",31.845427,-110.870885,"2016,2017,2018,2019,2020,2021,2022",2016,2022
"SRER","SRER_012",31.870053,-110.85024,"2016,2017,2018,2019,2020,2021,2022",2016,2022
"SRER","SRER_013",31.809753,-110.893755,"2016,2017,2018,2019,2020,2021,2022",2016,2022
"SRER","SRER_014",31.874117,-110.887014,"2016,2017,2018,2019,2020,2021,2022",2016,2022
"SRER","SRER_017",31.892821,-110.889228,"2016,2017,2018,2019,2020,2021,2022",2016,2022
"SRER","SRER_018",31.897965,-110.908251,"2016,2017,2018,2019,2020,2021,2022",2016,2022
"SRER","SRER_020",31.772365,-110.87637,"2016,2017,2018,2019,2020,2021,2022",2016,2022
"SRER","SRER_021",31.790996,-110.855741,"2016,2017,2018,2019,2020,2021,2022",2016,2022
"SRER","SRER_022",31.821406,-110.96285,"2016,2017,2018,2019,2020,2021,2022",2016,2022
"SRER","SRER_023",31.852737,-110.857874,"2016,2017,2018,2019,2020,2021,2022",2016,2022
"SRER","SRER_024",31.813686,-110.806586,"2016,2017,2018,2019,2020,2021,2022",2016,2022
"SRER","SRER_028",31.878484,-110.899073,"2016,2017,2018,2019,2020,2021,2022",2016,2022
"SRER","SRER_029",31.874124,-110.867364,"2016,2017,2018,2019,2020,2021,2022",2016,2022
"SRER","SRER_030",31.91362,-110.831773,"2016,2017,2018,2019,2020,2021,2022",2016,2022
"SRER","SRER_052",31.909531,-110.833359,"2016,2017,2018,2019,2020,2021,2022",2016,2022
"STEI","STEI_001",45.812246,-90.092743,"2015,2016,2017,2018,2019,2020,2021",2015,2021
"STEI","STEI_002",45.797373,-90.092307,"2015,2016,2017,2018,2019,2020,2021",2015,2021
"STEI","STEI_003",45.82494,-90.072607,"2015,2016,2017,2018,2019,2020,2021",2015,2021
"STEI","STEI_004",45.797883,-90.064162,"2015,2016,2017,2018,2019,2020,2021",2015,2021
"STEI","STEI_005",45.826442,-90.086208,"2015,2016,2017,2018,2019,2020,2021",2015,2021
"STEI","STEI_007",45.793824,-90.053927,"2015,2016,2017,2018,2019,2020,2021",2015,2021
"STEI","STEI_008",45.802505,-90.062109,"2015,2016,2017,2018,2019,2020,2021",2015,2021
"STEI","STEI_011",45.804887,-90.074576,"2015,2016,2017,2018,2019,2020,2021",2015,2021
"STEI","STEI_019",45.829715,-90.074786,"2015,2016,2017,2018,2019,2020,2021",2015,2021
"STEI","STEI_020",45.810575,-90.054415,"2015,2016,2017,2018,2019,2020,2021",2015,2021
"STEI","STEI_021",45.834307,-90.085088,"2015,2016,2017,2018,2019,2020,2021",2015,2021
"STEI","STEI_022",45.804414,-90.052167,"2015,2016,2017,2018,2019,2020,2021",2015,2021
"STEI","STEI_023",45.823957,-90.098036,"2015,2016,2017,2018,2019,2020,2021",2015,2021
"STEI","STEI_024",45.835999,-90.072824,"2015,2016,2017,2018,2019,2020,2021",2015,2021
"STEI","STEI_047",45.506178,-89.588573,"2015,2016,2017,2018,2019,2020,2021",2015,2021
"STEI","STEI_060",45.506757,-89.58706,"2015,2016,2017,2018,2019,2020,2021",2015,2021
"TALL","TALL_001",32.977665,-87.432705,"2014,2015,2016,2017,2018,2019,2020,2021,2022",2014,2022
"TALL","TALL_002",32.922166,-87.428895,"2014,2015,2016,2017,2018,2019,2020,2021,2022",2014,2022
"TALL","TALL_004",32.957884,-87.432614,"2014,2015,2016,2017,2018,2019,2020,2021,2022",2014,2022
"TALL","TALL_005",32.897137,-87.397336,"2014,2015,2016,2017,2018,2019,2020,2021,2022",2014,2022
"TALL","TALL_006",32.898842,-87.446131,"2014,2015,2016,2017,2018,2019,2020,2021,2022",2014,2022
"TALL","TALL_007",32.974426,-87.42694,"2014,2015,2016,2017,2018,2019,2020,2021,2022",2014,2022
"TALL","TALL_008",32.921617,-87.433389,"2014,2015,2016,2017,2018,2019,2020,2021,2022",2014,2022
"TALL","TALL_010",32.926835,-87.418704,"2014,2015,2016,2017,2018,2019,2020,2021,2022",2014,2022
"TALL","TALL_011",32.956315,-87.410146,"2014,2015,2016,2017,2018,2019,2020,2021,2022",2014,2022
"TALL","TALL_015",32.916737,-87.437886,"2014,2015,2016,2017,2018,2019,2020,2021,2022",2014,2022
"TALL","TALL_016",32.970408,-87.415018,"2014,2015,2016,2017,2018,2019,2020,2021,2022",2014,2022
"TALL","TALL_017",32.91006,-87.40866,"2014,2015,2016,2017,2018,2019,2020,2021,2022",2014,2022
"TALL","TALL_018",32.916368,-87.389763,"2014,2015,2016,2017,2018,2019,2020,2021,2022",2014,2022
"TALL","TALL_051",32.950156,-87.397294,"2014,2015,2016,2017,2018,2019,2020,2021,2022",2014,2022
"TREE","TREE_002",45.492353,-89.567781,"2015,2016,2017,2018,2019",2015,2019
"TREE","TREE_003",45.490243,-89.577675,"2015,2016,2017,2018,2019",2015,2019
"TREE","TREE_004",45.479917,-89.556089,"2015,2016,2017,2018,2019",2015,2019
"TREE","TREE_005",45.481809,-89.5554,"2015,2016,2017,2018,2019",2015,2019
"TREE","TREE_006",45.491627,-89.551228,"2015,2016,2017,2018,2019",2015,2019
"TREE","TREE_007",45.496911,-89.557229,"2015,2016,2017,2018,2019",2015,2019
"TREE","TREE_008",45.480466,-89.55497,"2015,2016,2017,2018,2019",2015,2019
"TREE","TREE_010",45.494884,-89.56329,"2015,2016,2017,2018,2019",2015,2019
"TREE","TREE_013",45.485891,-89.578606,"2015,2016,2017,2018,2019",2015,2019
"TREE","TREE_016",45.495625,-89.566391,"2015,2016,2017,2018,2019",2015,2019
"TREE","TREE_017",45.492422,-89.576619,"2015,2016,2017,2018,2019",2015,2019
"TREE","TREE_018",45.493691,-89.567838,"2015,2016,2017,2018,2019",2015,2019
"TREE","TREE_019",45.494384,-89.574026,"2015,2016,2017,2018,2019",2015,2019
"TREE","TREE_020",45.492521,-89.560121,"2015,2016,2017,2018,2019",2015,2019
"TREE","TREE_021",45.496656,-89.567981,"2015,2016,2017,2018,2019",2015,2019
"TREE","TREE_024",45.489236,-89.549989,"2015,2016,2017,2018,2019",2015,2019
"TREE","TREE_026",45.494267,-89.554434,"2015,2016,2017,2018,2019",2015,2019
"TREE","TREE_041",45.494189,-89.587995,"2015,2016,2017,2018,2019",2015,2019
"TREE","TREE_046",45.49355,-89.592162,"2015,2016,2017,2018,2019",2015,2019
"TREE","TREE_049",45.493852,-89.591026,"2015,2016,2017,2018,2019",2015,2019
"TREE","TREE_060",45.498289,-89.568055,"2015,2016,2017,2018,2019",2015,2019
"UKFS","UKFS_001",39.037623,-95.196953,"2016,2017,2018,2019,2020,2021",2016,2021
"UKFS","UKFS_002",39.046329,-95.208663,"2016,2017,2018,2019,2020,2021",2016,2021
"UKFS","UKFS_004",39.043184,-95.202721,"2016,2017,2018,2019,2020,2021",2016,2021
"UKFS","UKFS_005",39.054509,-95.204735,"2016,2017,2018,2019,2020,2021",2016,2021
"UKFS","UKFS_006",39.033807,-95.198575,"2016,2017,2018,2019,2020,2021",2016,2021
"UKFS","UKFS_009",39.045354,-95.201392,"2016,2017,2018,2019,2020,2021",2016,2021
"UKFS","UKFS_010",39.052686,-95.185979,"2016,2017,2018,2019,2020,2021",2016,2021
"UKFS","UKFS_012",39.045695,-95.198263,"2016,2017,2018,2019,2020,2021",2016,2021
"UKFS","UKFS_014",39.039804,-95.195979,"2016,2017,2018,2019,2020,2021",2016,2021
"UKFS","UKFS_015",39.0537,-95.204399,"2016,2017,2018,2019,2020,2021",2016,2021
"UKFS","UKFS_016",39.042666,-95.188442,"2016,2017,2018,2019,2020,2021",2016,2021
"UKFS","UKFS_018",39.053113,-95.192935,"2016,2017,2018,2019,2020,2021",2016,2021
"UKFS","UKFS_021",39.056126,-95.204458,"2016,2017,2018,2019,2020,2021",2016,2021
"UKFS","UKFS_031",39.036615,-95.192035,"2016,2017,2018,2019,2020,2021",2016,2021
"UNDE","UNDE_001",46.234625,-89.560771,"2014,2015,2016,2017,2018,2019",2014,2019
"UNDE","UNDE_002",46.243102,-89.544805,"2014,2015,2016,2017,2018,2019",2014,2019
"UNDE","UNDE_003",46.256247,-89.53609,"2014,2015,2016,2017,2018,2019",2014,2019
"UNDE","UNDE_007",46.248716,-89.53615,"2014,2015,2016,2017,2018,2019",2014,2019
"UNDE","UNDE_008",46.256193,-89.515052,"2014,2015,2016,2017,2018,2019",2014,2019
"UNDE","UNDE_010",46.237778,-89.541857,"2014,2015,2016,2017,2018,2019",2014,2019
"UNDE","UNDE_011",46.215104,-89.505026,"2014,2015,2016,2017,2018,2019",2014,2019
"UNDE","UNDE_012",46.236979,-89.504463,"2014,2015,2016,2017,2018,2019",2014,2019
"UNDE","UNDE_013",46.227894,-89.537131,"2014,2015,2016,2017,2018,2019",2014,2019
"UNDE","UNDE_015",46.231237,-89.506506,"2014,2015,2016,2017,2018,2019",2014,2019
"UNDE","UNDE_016",46.24597,-89.525485,"2014,2015,2016,2017,2018,2019",2014,2019
"UNDE","UNDE_017",46.23796,-89.496339,"2014,2015,2016,2017,2018,2019",2014,2019
"UNDE","UNDE_018",46.243048,-89.53471,"2014,2015,2016,2017,2018,2019",2014,2019
"UNDE","UNDE_020",46.207506,-89.481736,"2014,2015,2016,2017,2018,2019",2014,2019
"UNDE","UNDE_021",46.218464,-89.5118,"2014,2015,2016,2017,2018,2019",2014,2019
"UNDE","UNDE_022",46.230668,-89.56955,"2014,2015,2016,2017,2018,2019",2014,2019
"UNDE","UNDE_023",46.230008,-89.501807,"2014,2015,2016,2017,2018,2019",2014,2019
"UNDE","UNDE_024",46.215356,-89.516732,"2014,2015,2016,2017,2018,2019",2014,2019
"UNDE","UNDE_027",46.210824,-89.49004,"2014,2015,2016,2017,2018,2019",2014,2019
"UNDE","UNDE_028",46.256879,-89.545066,"2014,2015,2016,2017,2018,2019",2014,2019
"UNDE","UNDE_030",46.234502,-89.518756,"2014,2015,2016,2017,2018,2019",2014,2019
"UNDE","UNDE_034",46.248534,-89.520942,"2014,2015,2016,2017,2018,2019",2014,2019
"UNDE","UNDE_035",46.218532,-89.50791,"2014,2015,2016,2017,2018,2019",2014,2019
"UNDE","UNDE_037",46.231276,-89.541941,"2014,2015,2016,2017,2018,2019",2014,2019
"WOOD","WOOD_002",47.136134,-99.232896,"2014,2015,2016,2017,2018,2019,2020,2021",2014,2021
"WOOD","WOOD_003",47.118581,-99.239944,"2014,2015,2016,2017,2018,2019,2020,2021",2014,2021
"WOOD","WOOD_004",47.12584,-99.253801,"2014,2015,2016,2017,2018,2019,2020,2021",2014,2021
"WOOD","WOOD_006",47.142318,-99.247173,"2014,2015,2016,2017,2018,2019,2020,2021",2014,2021
"WOOD","WOOD_007",47.134755,-99.249895,"2014,2015,2016,2017,2018,2019,2020,2021",2014,2021
"WOOD","WOOD_008",47.142128,-99.21116,"2014,2015,2016,2017,2018,2019,2020,2021",2014,2021
"WOOD","WOOD_011",47.129592,-99.263721,"2014,2015,2016,2017,2018,2019,2020,2021",2014,2021
"WOOD","WOOD_012",47.129131,-99.23405,"2014,2015,2016,2017,2018,2019,2020,2021",2014,2021
"WOOD","WOOD_013",47.137759,-99.229336,"2014,2015,2016,2017,2018,2019,2020,2021",2014,2021
"WOOD","WOOD_014",47.139909,-99.23725,"2014,2015,2016,2017,2018,2019,2020,2021",2014,2021
"WOOD","WOOD_016",47.141017,-99.225794,"2014,2015,2016,2017,2018,2019,2020,2021",2014,2021
"WOOD","WOOD_017",47.135031,-99.247919,"2014,2015,2016,2017,2018,2019,2020,2021",2014,2021
"WOOD","WOOD_020",47.136633,-99.255844,"2014,2015,2016,2017,2018,2019,2020,2021",2014,2021
"WOOD","WOOD_021",47.146637,-99.247579,"2014,2015,2016,2017,2018,2019,2020,2021",2014,2021
"WOOD","WOOD_023",47.130118,-99.26727,"2014,2015,2016,2017,2018,2019,2020,2021",2014,2021
"WOOD","WOOD_025",47.149296,-99.257096,"2014,2015,2016,2017,2018,2019,2020,2021",2014,2021
"WOOD","WOOD_028",47.140675,-99.251915,"2014,2015,2016,2017,2018,2019,2020,2021",2014,2021
"WOOD","WOOD_029",47.120197,-99.241126,"2014,2015,2016,2017,2018,2019,2020,2021",2014,2021
"WOOD","WOOD_030",47.138003,-99.243199,"2014,2015,2016,2017,2018,2019,2020,2021",2014,2021
"WOOD","WOOD_042",47.129092,-99.245921,"2014,2015,2016,2017,2018,2019,2020,2021",2014,2021
"WOOD","WOOD_043",47.131002,-99.242763,"2014,2015,2016,2017,2018,2019,2020,2021",2014,2021
